bcr_patient_barcode	gender	age_at_initial_pathologic_diagnosis	days_to_death	days_to_last_followup	histological_type	prior_glioma	sample	IDH1_status	IDH1_mutation	IDH2_status	IDH2_mutation
TCGA-02-0001	FEMALE	44	358	279	Untreated primary (de novo) GBM	NO	Unknown	Unknown	NA	NA	NA
TCGA-02-0003	MALE	50	144	144	Untreated primary (de novo) GBM	NO	TCGA-02-0003-01A	Wildtype	NA	Wildtype	NA
TCGA-02-0004	MALE	59	345	345	Untreated primary (de novo) GBM	NO	Unknown	Unknown	NA	NA	NA
TCGA-02-0006	FEMALE	56	558	558	Untreated primary (de novo) GBM	NO	Unknown	Unknown	NA	NA	NA
TCGA-02-0007	FEMALE	40	705	705	Treated primary GBM	NO	Unknown	Unknown	NA	NA	NA
TCGA-02-0009	FEMALE	61	322	322	Untreated primary (de novo) GBM	NO	Unknown	Unknown	NA	NA	NA
TCGA-02-0010	FEMALE	20	1077	1077	Treated primary GBM	NO	Unknown	Unknown	NA	NA	NA
TCGA-02-0011	FEMALE	18	630	630	Untreated primary (de novo) GBM	NO	Unknown	Unknown	NA	NA	NA
TCGA-02-0014	MALE	25	2512	2512	Untreated primary (de novo) GBM	NO	Unknown	Unknown	NA	NA	NA
TCGA-02-0015	MALE	50	627	627	Untreated primary (de novo) GBM	NO	Unknown	Unknown	NA	NA	NA
TCGA-02-0016	MALE	50	NA	1699	Untreated primary (de novo) GBM	NO	Unknown	Unknown	NA	NA	NA
TCGA-02-0021	FEMALE	43	2362	2362	Untreated primary (de novo) GBM	NO	Unknown	Unknown	NA	NA	NA
TCGA-02-0023	FEMALE	38	612	612	Untreated primary (de novo) GBM	NO	Unknown	Unknown	NA	NA	NA
TCGA-02-0024	MALE	35	1615	1615	Treated primary GBM	NO	Unknown	Unknown	NA	NA	NA
TCGA-02-0025	MALE	47	1300	1300	Untreated primary (de novo) GBM	NO	Unknown	Unknown	NA	NA	NA
TCGA-02-0026	MALE	27	748	748	Untreated primary (de novo) GBM	NO	Unknown	Unknown	NA	NA	NA
TCGA-02-0027	FEMALE	33	370	315	Untreated primary (de novo) GBM	NO	Unknown	Unknown	NA	NA	NA
TCGA-02-0028	MALE	39	2755	2755	Treated primary GBM	NO	Unknown	Unknown	NA	NA	NA
TCGA-02-0033	MALE	54	86	86	Untreated primary (de novo) GBM	NO	TCGA-02-0033-01A	Wildtype	NA	Wildtype	NA
TCGA-02-0034	MALE	60	430	430	Untreated primary (de novo) GBM	NO	Unknown	Unknown	NA	NA	NA
TCGA-02-0037	FEMALE	74	110	110	Untreated primary (de novo) GBM	NO	Unknown	Unknown	NA	NA	NA
TCGA-02-0038	FEMALE	48	326	326	Untreated primary (de novo) GBM	NO	Unknown	Unknown	NA	NA	NA
TCGA-02-0039	MALE	54	320	320	Untreated primary (de novo) GBM	NO	Unknown	Unknown	NA	NA	NA
TCGA-02-0043	FEMALE	54	557	557	Treated primary GBM	NO	Unknown	Unknown	NA	NA	NA
TCGA-02-0046	MALE	61	209	209	Untreated primary (de novo) GBM	NO	Unknown	Unknown	NA	NA	NA
TCGA-02-0047	MALE	78	448	448	Untreated primary (de novo) GBM	NO	TCGA-02-0047-01A	Wildtype	NA	Wildtype	NA
TCGA-02-0048	MALE	80	98	98	Untreated primary (de novo) GBM	NO	Unknown	Unknown	NA	NA	NA
TCGA-02-0051	MALE	43	459	459	Untreated primary (de novo) GBM	NO	Unknown	Unknown	NA	NA	NA
TCGA-02-0052	MALE	49	383	383	Untreated primary (de novo) GBM	NO	Unknown	Unknown	NA	NA	NA
TCGA-02-0054	FEMALE	44	199	199	Untreated primary (de novo) GBM	NO	Unknown	Unknown	NA	NA	NA
TCGA-02-0055	FEMALE	62	76	76	Untreated primary (de novo) GBM	NO	TCGA-02-0055-01A	Wildtype	NA	Wildtype	NA
TCGA-02-0057	FEMALE	66	604	604	Treated primary GBM	NO	Unknown	Unknown	NA	NA	NA
TCGA-02-0058	FEMALE	28	254	254	Treated primary GBM	YES	Unknown	Unknown	NA	NA	NA
TCGA-02-0059	FEMALE	68	291	291	Untreated primary (de novo) GBM	NO	Unknown	Unknown	NA	NA	NA
TCGA-02-0060	FEMALE	66	183	183	Untreated primary (de novo) GBM	NO	Unknown	Unknown	NA	NA	NA
TCGA-02-0064	MALE	50	600	600	Untreated primary (de novo) GBM	NO	Unknown	Unknown	NA	NA	NA
TCGA-02-0068	MALE	57	804	804	Untreated primary (de novo) GBM	NO	Unknown	Unknown	NA	NA	NA
TCGA-02-0069	FEMALE	31	NA	873	Untreated primary (de novo) GBM	NO	Unknown	Unknown	NA	NA	NA
TCGA-02-0070	MALE	70	NA	762	Untreated primary (de novo) GBM	NO	Unknown	Unknown	NA	NA	NA
TCGA-02-0071	MALE	53	167	167	Untreated primary (de novo) GBM	NO	Unknown	Unknown	NA	NA	NA
TCGA-02-0074	FEMALE	68	310	310	Untreated primary (de novo) GBM	NO	Unknown	Unknown	NA	NA	NA
TCGA-02-0075	MALE	63	634	634	Untreated primary (de novo) GBM	NO	Unknown	Unknown	NA	NA	NA
TCGA-02-0079	MALE	57	829	829	Untreated primary (de novo) GBM	NO	Unknown	Unknown	NA	NA	NA
TCGA-02-0080	MALE	28	2729	2729	Untreated primary (de novo) GBM	NO	Unknown	Unknown	NA	NA	NA
TCGA-02-0083	FEMALE	59	691	691	Treated primary GBM	NO	Unknown	Unknown	NA	NA	NA
TCGA-02-0084	FEMALE	36	384	7	Untreated primary (de novo) GBM	NO	Unknown	Unknown	NA	NA	NA
TCGA-02-0085	FEMALE	63	1561	1561	Untreated primary (de novo) GBM	NO	Unknown	Unknown	NA	NA	NA
TCGA-02-0086	FEMALE	45	268	268	Untreated primary (de novo) GBM	NO	Unknown	Unknown	NA	NA	NA
TCGA-02-0087	FEMALE	27	NA	1757	Untreated primary (de novo) GBM	NO	Unknown	Unknown	NA	NA	NA
TCGA-02-0089	MALE	52	516	516	Treated primary GBM	NO	Unknown	Unknown	NA	NA	NA
TCGA-02-0099	MALE	46	106	106	Untreated primary (de novo) GBM	NO	Unknown	Unknown	NA	NA	NA
TCGA-02-0102	MALE	42	822	822	Treated primary GBM	NO	Unknown	Unknown	NA	NA	NA
TCGA-02-0104	FEMALE	29	1977	1977	Untreated primary (de novo) GBM	NO	Unknown	Unknown	NA	NA	NA
TCGA-02-0106	MALE	54	355	355	Untreated primary (de novo) GBM	NO	Unknown	Unknown	NA	NA	NA
TCGA-02-0107	MALE	56	537	537	Treated primary GBM	NO	Unknown	Unknown	NA	NA	NA
TCGA-02-0111	MALE	56	705	705	Untreated primary (de novo) GBM	NO	Unknown	Unknown	NA	NA	NA
TCGA-02-0113	FEMALE	43	NA	2818	Treated primary GBM	NO	Unknown	Unknown	NA	NA	NA
TCGA-02-0114	FEMALE	37	3041	3041	Treated primary GBM	NO	Unknown	Unknown	NA	NA	NA
TCGA-02-0115	MALE	52	476	476	Treated primary GBM	NO	Unknown	Unknown	NA	NA	NA
TCGA-02-0116	MALE	51	1489	1489	Treated primary GBM	NO	Unknown	Unknown	NA	NA	NA
TCGA-02-0258	FEMALE	36	503	503	Untreated primary (de novo) GBM	NO	Unknown	Unknown	NA	NA	NA
TCGA-02-0260	MALE	54	515	515	Untreated primary (de novo) GBM	NO	Unknown	Unknown	NA	NA	NA
TCGA-02-0266	MALE	14	539	539	Untreated primary (de novo) GBM	NO	Unknown	Unknown	NA	NA	NA
TCGA-02-0269	MALE	68	327	327	Untreated primary (de novo) GBM	NO	Unknown	Unknown	NA	NA	NA
TCGA-02-0271	MALE	26	440	440	Untreated primary (de novo) GBM	NO	Unknown	Unknown	NA	NA	NA
TCGA-02-0281	FEMALE	78	121	121	Untreated primary (de novo) GBM	NO	Unknown	Unknown	NA	NA	NA
TCGA-02-0285	FEMALE	50	422	422	Untreated primary (de novo) GBM	NO	Unknown	Unknown	NA	NA	NA
TCGA-02-0289	MALE	57	432	432	Untreated primary (de novo) GBM	NO	Unknown	Unknown	NA	NA	NA
TCGA-02-0290	MALE	49	485	485	Untreated primary (de novo) GBM	NO	Unknown	Unknown	NA	NA	NA
TCGA-02-0317	MALE	40	372	372	Untreated primary (de novo) GBM	NO	Unknown	Unknown	NA	NA	NA
TCGA-02-0321	MALE	74	301	301	Untreated primary (de novo) GBM	NO	Unknown	Unknown	NA	NA	NA
TCGA-02-0324	FEMALE	69	235	235	Untreated primary (de novo) GBM	NO	Unknown	Unknown	NA	NA	NA
TCGA-02-0325	MALE	61	323	323	Untreated primary (de novo) GBM	NO	Unknown	Unknown	NA	NA	NA
TCGA-02-0326	FEMALE	82	223	5	Untreated primary (de novo) GBM	NO	Unknown	Unknown	NA	NA	NA
TCGA-02-0330	FEMALE	51	484	484	Untreated primary (de novo) GBM	NO	Unknown	Unknown	NA	NA	NA
TCGA-02-0332	FEMALE	46	782	782	Untreated primary (de novo) GBM	NO	Unknown	Unknown	NA	NA	NA
TCGA-02-0333	FEMALE	77	133	133	Untreated primary (de novo) GBM	NO	Unknown	Unknown	NA	NA	NA
TCGA-02-0337	MALE	48	764	764	Untreated primary (de novo) GBM	NO	Unknown	Unknown	NA	NA	NA
TCGA-02-0338	MALE	41	322	322	Untreated primary (de novo) GBM	NO	Unknown	Unknown	NA	NA	NA
TCGA-02-0339	MALE	67	377	377	Untreated primary (de novo) GBM	NO	Unknown	Unknown	NA	NA	NA
TCGA-02-0422	MALE	50	441	441	Untreated primary (de novo) GBM	NO	Unknown	Unknown	NA	NA	NA
TCGA-02-0430	FEMALE	67	321	321	Untreated primary (de novo) GBM	NO	Unknown	Unknown	NA	NA	NA
TCGA-02-0432	MALE	36	1433	1433	Untreated primary (de novo) GBM	NO	Unknown	Unknown	NA	NA	NA
TCGA-02-0439	FEMALE	70	20	20	Untreated primary (de novo) GBM	NO	Unknown	Unknown	NA	NA	NA
TCGA-02-0440	MALE	62	345	345	Untreated primary (de novo) GBM	NO	Unknown	Unknown	NA	NA	NA
TCGA-02-0446	MALE	61	282	282	Untreated primary (de novo) GBM	NO	Unknown	Unknown	NA	NA	NA
TCGA-02-0451	FEMALE	62	493	493	Untreated primary (de novo) GBM	NO	Unknown	Unknown	NA	NA	NA
TCGA-02-0456	FEMALE	67	102	102	Untreated primary (de novo) GBM	NO	Unknown	Unknown	NA	NA	NA
TCGA-02-2466	MALE	61	511	511	Treated primary GBM	NO	TCGA-02-2466-01A	Wildtype	NA	Wildtype	NA
TCGA-02-2470	MALE	57	393	393	Treated primary GBM	NO	TCGA-02-2470-01A	Wildtype	NA	Wildtype	NA
TCGA-02-2483	MALE	43	NA	466	Untreated primary (de novo) GBM	NO	TCGA-02-2483-01A	Mutant	p.R132H	Wildtype	NA
TCGA-02-2485	MALE	53	NA	470	Untreated primary (de novo) GBM	NO	TCGA-02-2485-01A	Wildtype	NA	Wildtype	NA
TCGA-02-2486	MALE	64	NA	493	Untreated primary (de novo) GBM	NO	TCGA-02-2486-01A	Wildtype	NA	Wildtype	NA
TCGA-06-0119	FEMALE	81	82	NA	Glioblastoma Multiforme (GBM)	NO	TCGA-06-0119-01A	Wildtype	NA	Wildtype	NA
TCGA-06-0122	FEMALE	84	187	8	Untreated primary (de novo) GBM	NO	TCGA-06-0122-01A	Wildtype	NA	Wildtype	NA
TCGA-06-0124	MALE	67	620	123	Untreated primary (de novo) GBM	NO	TCGA-06-0124-01A	Wildtype	NA	Wildtype	NA
TCGA-06-0125	FEMALE	63	1448	1439	Untreated primary (de novo) GBM	NO	TCGA-06-0125-02A	Wildtype	NA	Wildtype	NA
TCGA-06-0125	FEMALE	63	1448	1439	Untreated primary (de novo) GBM	NO	TCGA-06-0125-01A	Wildtype	NA	Wildtype	NA
TCGA-06-0126	MALE	86	211	NA	Untreated primary (de novo) GBM	NO	TCGA-06-0126-01A	Wildtype	NA	Wildtype	NA
TCGA-06-0127	MALE	67	121	109	Untreated primary (de novo) GBM	NO	Unknown	Unknown	NA	NA	NA
TCGA-06-0128	MALE	66	691	691	Untreated primary (de novo) GBM	NO	TCGA-06-0128-01A	Mutant	p.R132H	Wildtype	NA
TCGA-06-0129	MALE	30	1024	989	Untreated primary (de novo) GBM	NO	TCGA-06-0129-01A	Mutant	p.R132H	Wildtype	NA
TCGA-06-0130	MALE	54	394	320	Untreated primary (de novo) GBM	NO	TCGA-06-0130-01A	Wildtype	NA	Wildtype	NA
TCGA-06-0132	MALE	49	771	570	Untreated primary (de novo) GBM	NO	TCGA-06-0132-01A	Wildtype	NA	Wildtype	NA
TCGA-06-0133	MALE	64	435	428	Untreated primary (de novo) GBM	NO	Unknown	Unknown	NA	NA	NA
TCGA-06-0137	FEMALE	63	812	702	Untreated primary (de novo) GBM	NO	TCGA-06-0137-01A	Wildtype	NA	Wildtype	NA
TCGA-06-0138	MALE	43	737	674	Untreated primary (de novo) GBM	NO	Unknown	Unknown	NA	NA	NA
TCGA-06-0139	MALE	40	362	327	Untreated primary (de novo) GBM	NO	TCGA-06-0139-01A	Wildtype	NA	Wildtype	NA
TCGA-06-0140	MALE	86	6	NA	Glioblastoma Multiforme (GBM)	NO	TCGA-06-0140-01A	Wildtype	NA	Wildtype	NA
TCGA-06-0141	MALE	62	313	280	Untreated primary (de novo) GBM	NO	TCGA-06-0141-01A	Wildtype	NA	Wildtype	NA
TCGA-06-0142	MALE	81	67	NA	Glioblastoma Multiforme (GBM)	NO	Unknown	Unknown	NA	NA	NA
TCGA-06-0143	MALE	58	357	357	Untreated primary (de novo) GBM	NO	Unknown	Unknown	NA	NA	NA
TCGA-06-0145	FEMALE	53	71	71	Untreated primary (de novo) GBM	NO	TCGA-06-0145-01A	Wildtype	NA	Wildtype	NA
TCGA-06-0146	FEMALE	33	611	611	Untreated primary (de novo) GBM	NO	Unknown	Unknown	NA	NA	NA
TCGA-06-0147	FEMALE	51	541	508	Untreated primary (de novo) GBM	NO	Unknown	Unknown	NA	NA	NA
TCGA-06-0148	MALE	76	307	298	Untreated primary (de novo) GBM	NO	Unknown	Unknown	NA	NA	NA
TCGA-06-0149	FEMALE	74	262	239	Untreated primary (de novo) GBM	NO	Unknown	Unknown	NA	NA	NA
TCGA-06-0150	MALE	45	592	NA	Glioblastoma Multiforme (GBM)	NO	Unknown	Unknown	NA	NA	NA
TCGA-06-0151	FEMALE	32	1417	NA	Glioblastoma Multiforme (GBM)	NO	TCGA-06-0151-01A	Wildtype	NA	Wildtype	NA
TCGA-06-0152	MALE	68	375	359	Untreated primary (de novo) GBM	NO	TCGA-06-0152-01A	Wildtype	NA	Wildtype	NA
TCGA-06-0152	MALE	68	375	359	Untreated primary (de novo) GBM	NO	TCGA-06-0152-02A	Wildtype	NA	Wildtype	NA
TCGA-06-0154	MALE	54	424	389	Untreated primary (de novo) GBM	NO	TCGA-06-0154-01A	Wildtype	NA	Wildtype	NA
TCGA-06-0155	MALE	61	318	263	Untreated primary (de novo) GBM	NO	TCGA-06-0155-01B	Wildtype	NA	Wildtype	NA
TCGA-06-0156	MALE	57	178	164	Untreated primary (de novo) GBM	NO	Unknown	Unknown	NA	NA	NA
TCGA-06-0157	FEMALE	63	97	97	Untreated primary (de novo) GBM	NO	TCGA-06-0157-01A	Wildtype	NA	Wildtype	NA
TCGA-06-0158	MALE	73	329	166	Untreated primary (de novo) GBM	NO	TCGA-06-0158-01A	Wildtype	NA	Wildtype	NA
TCGA-06-0159	MALE	74	287	NA	Glioblastoma Multiforme (GBM)	NO	Unknown	Unknown	NA	NA	NA
TCGA-06-0160	FEMALE	56	359	NA	Glioblastoma Multiforme (GBM)	NO	Unknown	Unknown	NA	NA	NA
TCGA-06-0162	FEMALE	47	104	78	Untreated primary (de novo) GBM	YES	Unknown	Unknown	NA	NA	NA
TCGA-06-0164	MALE	47	1731	1730	Untreated primary (de novo) GBM	NO	Unknown	Unknown	NA	NA	NA
TCGA-06-0165	MALE	52	324	NA	Glioblastoma Multiforme (GBM)	NO	Unknown	Unknown	NA	NA	NA
TCGA-06-0166	MALE	51	178	161	Untreated primary (de novo) GBM	NO	TCGA-06-0166-01A	Wildtype	NA	Wildtype	NA
TCGA-06-0167	MALE	44	347	NA	Glioblastoma Multiforme (GBM)	NO	Unknown	Unknown	NA	NA	NA
TCGA-06-0168	FEMALE	59	598	579	Untreated primary (de novo) GBM	NO	TCGA-06-0168-01A	Wildtype	NA	Wildtype	NA
TCGA-06-0169	MALE	68	100	95	Untreated primary (de novo) GBM	NO	TCGA-06-0169-01A	Wildtype	NA	Wildtype	NA
TCGA-06-0171	MALE	65	399	396	Untreated primary (de novo) GBM	NO	TCGA-06-0171-01A	Wildtype	NA	Wildtype	NA
TCGA-06-0171	MALE	65	399	396	Untreated primary (de novo) GBM	NO	TCGA-06-0171-02A	Wildtype	NA	Wildtype	NA
TCGA-06-0173	FEMALE	72	136	7	Untreated primary (de novo) GBM	NO	TCGA-06-0173-01A	Wildtype	NA	Wildtype	NA
TCGA-06-0174	MALE	54	98	67	Untreated primary (de novo) GBM	NO	TCGA-06-0174-01A	Wildtype	NA	Wildtype	NA
TCGA-06-0175	MALE	69	123	83	Untreated primary (de novo) GBM	NO	Unknown	Unknown	NA	NA	NA
TCGA-06-0176	MALE	34	NA	2768	Untreated primary (de novo) GBM	NO	Unknown	Unknown	NA	NA	NA
TCGA-06-0177	MALE	64	127	61	Untreated primary (de novo) GBM	NO	Unknown	Unknown	NA	NA	NA
TCGA-06-0178	MALE	38	NA	1642	Untreated primary (de novo) GBM	NO	Unknown	Unknown	NA	NA	NA
TCGA-06-0179	MALE	64	616	578	Untreated primary (de novo) GBM	NO	Unknown	Unknown	NA	NA	NA
TCGA-06-0182	MALE	76	111	77	Untreated primary (de novo) GBM	NO	Unknown	Unknown	NA	NA	NA
TCGA-06-0184	MALE	63	NA	1228	Untreated primary (de novo) GBM	NO	TCGA-06-0184-01A	Wildtype	NA	Wildtype	NA
TCGA-06-0185	MALE	54	NA	2246	Untreated primary (de novo) GBM	NO	TCGA-06-0185-01A	Wildtype	NA	Wildtype	NA
TCGA-06-0187	MALE	69	828	801	Untreated primary (de novo) GBM	NO	TCGA-06-0187-01A	Wildtype	NA	Wildtype	NA
TCGA-06-0188	MALE	71	NA	866	Untreated primary (de novo) GBM	NO	TCGA-06-0188-01A	Wildtype	NA	Wildtype	NA
TCGA-06-0189	MALE	55	469	454	Untreated primary (de novo) GBM	NO	TCGA-06-0189-01A	Wildtype	NA	Wildtype	NA
TCGA-06-0190	MALE	62	317	313	Untreated primary (de novo) GBM	NO	TCGA-06-0190-02A	Wildtype	NA	Wildtype	NA
TCGA-06-0190	MALE	62	317	313	Untreated primary (de novo) GBM	NO	TCGA-06-0190-01A	Wildtype	NA	Wildtype	NA
TCGA-06-0192	MALE	58	NA	557	Untreated primary (de novo) GBM	NO	TCGA-06-0192-01B	Wildtype	NA	Wildtype	NA
TCGA-06-0194	FEMALE	37	142	142	Untreated primary (de novo) GBM	NO	Unknown	Unknown	NA	NA	NA
TCGA-06-0195	MALE	63	225	214	Untreated primary (de novo) GBM	NO	TCGA-06-0195-01B	Wildtype	NA	Wildtype	NA
TCGA-06-0197	FEMALE	65	169	79	Untreated primary (de novo) GBM	NO	Unknown	Unknown	NA	NA	NA
TCGA-06-0201	FEMALE	51	12	12	Untreated primary (de novo) GBM	NO	Unknown	Unknown	NA	NA	NA
TCGA-06-0206	MALE	40	233	197	Untreated primary (de novo) GBM	NO	Unknown	Unknown	NA	NA	NA
TCGA-06-0208	FEMALE	52	256	167	Untreated primary (de novo) GBM	NO	Unknown	Unknown	NA	NA	NA
TCGA-06-0209	MALE	76	232	119	Untreated primary (de novo) GBM	NO	TCGA-06-0209-01A	Wildtype	NA	Wildtype	NA
TCGA-06-0210	FEMALE	72	225	151	Untreated primary (de novo) GBM	NO	TCGA-06-0210-02A	Wildtype	NA	Wildtype	NA
TCGA-06-0210	FEMALE	72	225	151	Untreated primary (de novo) GBM	NO	TCGA-06-0210-01B	Wildtype	NA	Wildtype	NA
TCGA-06-0211	MALE	47	360	360	Untreated primary (de novo) GBM	NO	TCGA-06-0211-02A	Wildtype	NA	Wildtype	NA
TCGA-06-0211	MALE	47	360	360	Untreated primary (de novo) GBM	NO	TCGA-06-0211-01B	Wildtype	NA	Wildtype	NA
TCGA-06-0213	FEMALE	55	16	6	Untreated primary (de novo) GBM	NO	TCGA-06-0213-01A	Wildtype	NA	Wildtype	NA
TCGA-06-0214	MALE	66	457	378	Untreated primary (de novo) GBM	NO	TCGA-06-0214-01A	Wildtype	NA	Wildtype	NA
TCGA-06-0216	FEMALE	61	735	684	Untreated primary (de novo) GBM	NO	TCGA-06-0216-01B	Wildtype	NA	Wildtype	NA
TCGA-06-0219	MALE	67	22	11	Untreated primary (de novo) GBM	NO	TCGA-06-0219-01A	Wildtype	NA	Wildtype	NA
TCGA-06-0221	MALE	31	603	548	Untreated primary (de novo) GBM	NO	TCGA-06-0221-02A	Mutant	p.R132G	Wildtype	NA
TCGA-06-0221	MALE	31	603	548	Untreated primary (de novo) GBM	NO	TCGA-06-0221-01A	Mutant	p.R132G	Wildtype	NA
TCGA-06-0237	FEMALE	75	415	315	Untreated primary (de novo) GBM	NO	TCGA-06-0237-01A	Wildtype	NA	Wildtype	NA
TCGA-06-0238	MALE	46	405	359	Untreated primary (de novo) GBM	NO	TCGA-06-0238-01A	Wildtype	NA	Wildtype	NA
TCGA-06-0240	MALE	57	621	NA	Glioblastoma Multiforme (GBM)	NO	TCGA-06-0240-01A	Wildtype	NA	Wildtype	NA
TCGA-06-0241	FEMALE	65	NA	455	Untreated primary (de novo) GBM	NO	TCGA-06-0241-01A	Wildtype	NA	Wildtype	NA
TCGA-06-0394	MALE	51	329	314	Untreated primary (de novo) GBM	NO	Unknown	Unknown	NA	NA	NA
TCGA-06-0397	FEMALE	57	274	168	Untreated primary (de novo) GBM	NO	Unknown	Unknown	NA	NA	NA
TCGA-06-0402	MALE	71	8	8	Untreated primary (de novo) GBM	NO	Unknown	Unknown	NA	NA	NA
TCGA-06-0409	MALE	43	2201	2145	Untreated primary (de novo) GBM	NO	Unknown	Unknown	NA	NA	NA
TCGA-06-0410	FEMALE	76	143	143	Untreated primary (de novo) GBM	NO	Unknown	Unknown	NA	NA	NA
TCGA-06-0412	FEMALE	56	291	245	Untreated primary (de novo) GBM	NO	Unknown	Unknown	NA	NA	NA
TCGA-06-0413	FEMALE	77	96	5	Untreated primary (de novo) GBM	NO	Unknown	Unknown	NA	NA	NA
TCGA-06-0414	MALE	63	1068	1065	Untreated primary (de novo) GBM	NO	Unknown	Unknown	NA	NA	NA
TCGA-06-0644	MALE	71	NA	375	Untreated primary (de novo) GBM	NO	TCGA-06-0644-01A	Wildtype	NA	Wildtype	NA
TCGA-06-0645	FEMALE	55	175	98	Untreated primary (de novo) GBM	NO	TCGA-06-0645-01A	Wildtype	NA	Wildtype	NA
TCGA-06-0646	MALE	60	175	136	Untreated primary (de novo) GBM	NO	TCGA-06-0646-01A	Wildtype	NA	Wildtype	NA
TCGA-06-0648	MALE	77	298	294	Untreated primary (de novo) GBM	NO	TCGA-06-0648-01A	Wildtype	NA	Wildtype	NA
TCGA-06-0649	FEMALE	73	64	62	Untreated primary (de novo) GBM	NO	TCGA-06-0649-01B	Wildtype	NA	Wildtype	NA
TCGA-06-0650	FEMALE	39	717	717	Untreated primary (de novo) GBM	NO	TCGA-06-0650-01A	Wildtype	NA	Wildtype	NA
TCGA-06-0686	MALE	53	NA	286	Untreated primary (de novo) GBM	NO	TCGA-06-0686-01A	Wildtype	NA	Wildtype	NA
TCGA-06-0743	MALE	69	NA	679	Untreated primary (de novo) GBM	NO	TCGA-06-0743-01A	Wildtype	NA	Wildtype	NA
TCGA-06-0744	MALE	66	NA	595	Untreated primary (de novo) GBM	YES	TCGA-06-0744-01A	Wildtype	NA	Wildtype	NA
TCGA-06-0745	MALE	59	239	164	Untreated primary (de novo) GBM	NO	TCGA-06-0745-01A	Wildtype	NA	Wildtype	NA
TCGA-06-0747	MALE	53	82	82	Untreated primary (de novo) GBM	NO	TCGA-06-0747-01A	Wildtype	NA	Wildtype	NA
TCGA-06-0749	MALE	50	82	66	Untreated primary (de novo) GBM	NO	TCGA-06-0749-01A	Wildtype	NA	Wildtype	NA
TCGA-06-0750	MALE	43	28	28	Untreated primary (de novo) GBM	NO	TCGA-06-0750-01A	Wildtype	NA	Wildtype	NA
TCGA-06-0875	FEMALE	61	NA	1322	Untreated primary (de novo) GBM	NO	TCGA-06-0875-01A	Wildtype	NA	Wildtype	NA
TCGA-06-0876	FEMALE	72	NA	1405	Untreated primary (de novo) GBM	NO	TCGA-06-0876-01A	Wildtype	NA	Wildtype	NA
TCGA-06-0877	MALE	78	NA	204	Untreated primary (de novo) GBM	NO	TCGA-06-0877-01A	Wildtype	NA	Wildtype	NA
TCGA-06-0878	MALE	74	NA	218	Untreated primary (de novo) GBM	NO	TCGA-06-0878-01A	Wildtype	NA	Wildtype	NA
TCGA-06-0879	MALE	52	NA	699	Untreated primary (de novo) GBM	NO	TCGA-06-0879-01A	Wildtype	NA	Wildtype	NA
TCGA-06-0881	MALE	50	NA	178	Untreated primary (de novo) GBM	NO	TCGA-06-0881-01A	Wildtype	NA	Wildtype	NA
TCGA-06-0882	MALE	30	NA	165	Untreated primary (de novo) GBM	NO	TCGA-06-0882-01A	Wildtype	NA	Wildtype	NA
TCGA-06-0939	FEMALE	79	NA	637	Untreated primary (de novo) GBM	NO	TCGA-06-0939-01A	Wildtype	NA	Wildtype	NA
TCGA-06-1084	MALE	54	NA	226	Untreated primary (de novo) GBM	NO	TCGA-06-1084-01A	Wildtype	NA	Wildtype	NA
TCGA-06-1086	MALE	42	208	193	Untreated primary (de novo) GBM	NO	Unknown	Unknown	NA	NA	NA
TCGA-06-1087	MALE	75	123	109	Untreated primary (de novo) GBM	NO	TCGA-06-1087-01A	Wildtype	NA	Wildtype	NA
TCGA-06-1800	MALE	61	815	815	Untreated primary (de novo) GBM	NO	TCGA-06-1800-01A	Wildtype	NA	Wildtype	NA
TCGA-06-1801	FEMALE	56	NA	263	Untreated primary (de novo) GBM	NO	Unknown	Unknown	NA	NA	NA
TCGA-06-1802	MALE	61	NA	240	Untreated primary (de novo) GBM	NO	Unknown	Unknown	NA	NA	NA
TCGA-06-1804	FEMALE	81	414	414	Untreated primary (de novo) GBM	NO	TCGA-06-1804-01A	Wildtype	NA	Wildtype	NA
TCGA-06-1805	FEMALE	28	NA	1031	Untreated primary (de novo) GBM	NO	Unknown	Unknown	NA	NA	NA
TCGA-06-1806	MALE	47	466	NA	Glioblastoma Multiforme (GBM)	NO	TCGA-06-1806-01A	Wildtype	NA	Wildtype	NA
TCGA-06-2557	MALE	76	33	33	Untreated primary (de novo) GBM	NO	TCGA-06-2557-01A	Wildtype	NA	Wildtype	NA
TCGA-06-2558	FEMALE	75	380	23	Untreated primary (de novo) GBM	NO	TCGA-06-2558-01A	Wildtype	NA	Wildtype	NA
TCGA-06-2559	MALE	83	150	150	Untreated primary (de novo) GBM	NO	TCGA-06-2559-01A	Wildtype	NA	Wildtype	NA
TCGA-06-2561	FEMALE	53	NA	282	Untreated primary (de novo) GBM	NO	TCGA-06-2561-01A	Wildtype	NA	Wildtype	NA
TCGA-06-2562	MALE	81	NA	86	Untreated primary (de novo) GBM	NO	TCGA-06-2562-01A	Wildtype	NA	Wildtype	NA
TCGA-06-2563	FEMALE	72	NA	932	Untreated primary (de novo) GBM	NO	TCGA-06-2563-01A	Wildtype	NA	Wildtype	NA
TCGA-06-2564	MALE	50	NA	181	Untreated primary (de novo) GBM	NO	TCGA-06-2564-01A	Wildtype	NA	Wildtype	NA
TCGA-06-2565	MALE	59	NA	207	Untreated primary (de novo) GBM	NO	TCGA-06-2565-01A	Wildtype	NA	Wildtype	NA
TCGA-06-2566	FEMALE	23	182	182	Untreated primary (de novo) GBM	NO	Unknown	Unknown	NA	NA	NA
TCGA-06-2567	MALE	65	133	133	Untreated primary (de novo) GBM	NO	TCGA-06-2567-01A	Wildtype	NA	Wildtype	NA
TCGA-06-2569	FEMALE	24	NA	13	Untreated primary (de novo) GBM	NO	TCGA-06-2569-01A	Wildtype	NA	Wildtype	NA
TCGA-06-2570	FEMALE	21	NA	958	Untreated primary (de novo) GBM	NO	TCGA-06-2570-01A	Mutant	p.R132H	Wildtype	NA
TCGA-06-5408	FEMALE	54	357	342	Untreated primary (de novo) GBM	NO	TCGA-06-5408-01A	Wildtype	NA	Wildtype	NA
TCGA-06-5410	FEMALE	72	108	108	Untreated primary (de novo) GBM	NO	TCGA-06-5410-01A	Wildtype	NA	Wildtype	NA
TCGA-06-5411	MALE	51	254	254	Untreated primary (de novo) GBM	NO	TCGA-06-5411-01A	Wildtype	NA	Wildtype	NA
TCGA-06-5412	FEMALE	78	138	138	Untreated primary (de novo) GBM	NO	TCGA-06-5412-01A	Wildtype	NA	Wildtype	NA
TCGA-06-5413	MALE	67	NA	268	Untreated primary (de novo) GBM	NO	TCGA-06-5413-01A	Wildtype	NA	Wildtype	NA
TCGA-06-5414	MALE	61	NA	273	Untreated primary (de novo) GBM	NO	TCGA-06-5414-01A	Wildtype	NA	Wildtype	NA
TCGA-06-5415	MALE	60	NA	260	Untreated primary (de novo) GBM	NO	TCGA-06-5415-01A	Wildtype	NA	Wildtype	NA
TCGA-06-5416	FEMALE	23	NA	204	Untreated primary (de novo) GBM	NO	TCGA-06-5416-01A	Wildtype	NA	Other	p.G383V
TCGA-06-5417	FEMALE	45	NA	155	Untreated primary (de novo) GBM	NO	TCGA-06-5417-01A	Mutant	p.R132H	Wildtype	NA
TCGA-06-5418	FEMALE	75	83	83	Untreated primary (de novo) GBM	NO	TCGA-06-5418-01A	Wildtype	NA	Wildtype	NA
TCGA-06-5856	MALE	58	114	114	Untreated primary (de novo) GBM	NO	TCGA-06-5856-01A	Wildtype	NA	Wildtype	NA
TCGA-06-5858	FEMALE	45	NA	187	Untreated primary (de novo) GBM	NO	TCGA-06-5858-01A	Wildtype	NA	Wildtype	NA
TCGA-06-5859	MALE	63	NA	139	Untreated primary (de novo) GBM	NO	TCGA-06-5859-01A	Wildtype	NA	Wildtype	NA
TCGA-06-6388	FEMALE	64	159	120	Untreated primary (de novo) GBM	NO	TCGA-06-6388-01A	Wildtype	NA	Wildtype	NA
TCGA-06-6389	FEMALE	49	NA	237	Untreated primary (de novo) GBM	NO	TCGA-06-6389-01A	Mutant	p.R132H	Wildtype	NA
TCGA-06-6390	MALE	58	164	164	Untreated primary (de novo) GBM	NO	TCGA-06-6390-01A	Wildtype	NA	Wildtype	NA
TCGA-06-6391	FEMALE	44	45	NA	Untreated primary (de novo) GBM	NO	TCGA-06-6391-01A	Wildtype	NA	Wildtype	NA
TCGA-06-6693	FEMALE	64	3667	15	Untreated primary (de novo) GBM	NO	TCGA-06-6693-01A	Wildtype	NA	Wildtype	NA
TCGA-06-6694	FEMALE	76	224	224	Untreated primary (de novo) GBM	NO	TCGA-06-6694-01A	Wildtype	NA	Wildtype	NA
TCGA-06-6695	MALE	64	NA	253	Untreated primary (de novo) GBM	NO	TCGA-06-6695-01A	Wildtype	NA	Wildtype	NA
TCGA-06-6697	MALE	65	NA	391	Untreated primary (de novo) GBM	NO	TCGA-06-6697-01A	Wildtype	NA	Wildtype	NA
TCGA-06-6698	FEMALE	53	NA	145	Untreated primary (de novo) GBM	NO	TCGA-06-6698-01A	Wildtype	NA	Wildtype	NA
TCGA-06-6699	FEMALE	58	NA	47	Untreated primary (de novo) GBM	NO	TCGA-06-6699-01A	Wildtype	NA	Wildtype	NA
TCGA-06-6700	MALE	76	NA	145	Untreated primary (de novo) GBM	NO	TCGA-06-6700-01A	Wildtype	NA	Wildtype	NA
TCGA-06-6701	MALE	60	NA	151	Untreated primary (de novo) GBM	NO	TCGA-06-6701-01A	Mutant	p.R132H	Wildtype	NA
TCGA-06-A5U0	FEMALE	21	NA	815	Glioblastoma Multiforme (GBM)	NO	TCGA-06-A5U0-01A	Wildtype	NA	Wildtype	NA
TCGA-06-A5U1	FEMALE	78	57	NA	Glioblastoma Multiforme (GBM)	NO	TCGA-06-A5U1-01A	Wildtype	NA	Wildtype	NA
TCGA-06-A6S0	MALE	79	95	NA	Glioblastoma Multiforme (GBM)	NO	TCGA-06-A6S0-01A	Wildtype	NA	Wildtype	NA
TCGA-06-A6S1	FEMALE	53	78	NA	Glioblastoma Multiforme (GBM)	NO	TCGA-06-A6S1-01A	Wildtype	NA	Wildtype	NA
TCGA-06-A7TK	MALE	64	NA	NA	Glioblastoma Multiforme (GBM)	NO	TCGA-06-A7TK-01A	Wildtype	NA	Wildtype	NA
TCGA-06-A7TL	FEMALE	30	NA	539	Glioblastoma Multiforme (GBM)	NO	TCGA-06-A7TL-01A	Mutant	p.R132H	Wildtype	NA
TCGA-08-0244	MALE	62	690	690	Untreated primary (de novo) GBM	NO	Unknown	Unknown	NA	NA	NA
TCGA-08-0245	FEMALE	31	1151	1057	Untreated primary (de novo) GBM	NO	Unknown	Unknown	NA	NA	NA
TCGA-08-0246	FEMALE	57	127	119	Untreated primary (de novo) GBM	NO	Unknown	Unknown	NA	NA	NA
TCGA-08-0344	MALE	66	3524	3310	Untreated primary (de novo) GBM	NO	Unknown	Unknown	NA	NA	NA
TCGA-08-0345	FEMALE	71	53	53	Untreated primary (de novo) GBM	NO	Unknown	Unknown	NA	NA	NA
TCGA-08-0346	MALE	69	256	132	Untreated primary (de novo) GBM	NO	Unknown	Unknown	NA	NA	NA
TCGA-08-0347	MALE	50	782	419	Untreated primary (de novo) GBM	NO	Unknown	Unknown	NA	NA	NA
TCGA-08-0348	MALE	63	370	316	Untreated primary (de novo) GBM	NO	Unknown	Unknown	NA	NA	NA
TCGA-08-0349	MALE	46	298	231	Untreated primary (de novo) GBM	NO	Unknown	Unknown	NA	NA	NA
TCGA-08-0350	MALE	32	889	104	Untreated primary (de novo) GBM	NO	Unknown	Unknown	NA	NA	NA
TCGA-08-0351	MALE	40	1987	1637	Untreated primary (de novo) GBM	YES	Unknown	Unknown	NA	NA	NA
TCGA-08-0352	MALE	79	39	39	Untreated primary (de novo) GBM	NO	Unknown	Unknown	NA	NA	NA
TCGA-08-0353	MALE	58	256	195	Untreated primary (de novo) GBM	NO	Unknown	Unknown	NA	NA	NA
TCGA-08-0354	FEMALE	52	546	458	Untreated primary (de novo) GBM	NO	Unknown	Unknown	NA	NA	NA
TCGA-08-0355	FEMALE	30	747	685	Untreated primary (de novo) GBM	NO	Unknown	Unknown	NA	NA	NA
TCGA-08-0356	FEMALE	59	946	447	Untreated primary (de novo) GBM	NO	Unknown	Unknown	NA	NA	NA
TCGA-08-0357	MALE	49	1143	1084	Untreated primary (de novo) GBM	NO	Unknown	Unknown	NA	NA	NA
TCGA-08-0358	MALE	50	678	594	Untreated primary (de novo) GBM	NO	Unknown	Unknown	NA	NA	NA
TCGA-08-0359	FEMALE	59	103	29	Untreated primary (de novo) GBM	NO	Unknown	Unknown	NA	NA	NA
TCGA-08-0360	MALE	76	468	352	Untreated primary (de novo) GBM	NO	Unknown	Unknown	NA	NA	NA
TCGA-08-0373	MALE	69	134	NA	Untreated primary (de novo) GBM	NO	Unknown	Unknown	NA	NA	NA
TCGA-08-0375	FEMALE	51	372	279	Untreated primary (de novo) GBM	YES	Unknown	Unknown	NA	NA	NA
TCGA-08-0380	FEMALE	74	454	330	Untreated primary (de novo) GBM	NO	Unknown	Unknown	NA	NA	NA
TCGA-08-0385	MALE	71	82	31	Untreated primary (de novo) GBM	NO	Unknown	Unknown	NA	NA	NA
TCGA-08-0386	MALE	74	548	478	Untreated primary (de novo) GBM	NO	TCGA-08-0386-01A	Wildtype	NA	Wildtype	NA
TCGA-08-0389	MALE	59	467	97	Untreated primary (de novo) GBM	NO	Unknown	Unknown	NA	NA	NA
TCGA-08-0390	MALE	69	425	322	Untreated primary (de novo) GBM	NO	Unknown	Unknown	NA	NA	NA
TCGA-08-0392	MALE	60	22	9	Untreated primary (de novo) GBM	NO	Unknown	Unknown	NA	NA	NA
TCGA-08-0509	MALE	63	382	NA	Untreated primary (de novo) GBM	NO	Unknown	Unknown	NA	NA	NA
TCGA-08-0510	MALE	75	130	107	Untreated primary (de novo) GBM	NO	Unknown	Unknown	NA	NA	NA
TCGA-08-0511	MALE	69	235	235	Untreated primary (de novo) GBM	NO	Unknown	Unknown	NA	NA	NA
TCGA-08-0512	MALE	48	1282	358	Untreated primary (de novo) GBM	NO	Unknown	Unknown	NA	NA	NA
TCGA-08-0514	FEMALE	69	337	259	Untreated primary (de novo) GBM	NO	Unknown	Unknown	NA	NA	NA
TCGA-08-0516	MALE	14	596	561	Untreated primary (de novo) GBM	NO	Unknown	Unknown	NA	NA	NA
TCGA-08-0517	FEMALE	34	1785	1770	Untreated primary (de novo) GBM	NO	Unknown	Unknown	NA	NA	NA
TCGA-08-0518	FEMALE	60	588	39	Untreated primary (de novo) GBM	NO	Unknown	Unknown	NA	NA	NA
TCGA-08-0520	MALE	70	327	327	Untreated primary (de novo) GBM	NO	Unknown	Unknown	NA	NA	NA
TCGA-08-0521	MALE	17	146	146	Untreated primary (de novo) GBM	NO	Unknown	Unknown	NA	NA	NA
TCGA-08-0522	MALE	61	635	555	Untreated primary (de novo) GBM	NO	Unknown	Unknown	NA	NA	NA
TCGA-08-0524	FEMALE	17	221	199	Untreated primary (de novo) GBM	NO	Unknown	Unknown	NA	NA	NA
TCGA-08-0525	MALE	52	486	486	Untreated primary (de novo) GBM	NO	Unknown	Unknown	NA	NA	NA
TCGA-08-0529	FEMALE	56	560	527	Untreated primary (de novo) GBM	NO	Unknown	Unknown	NA	NA	NA
TCGA-08-0531	MALE	64	230	168	Untreated primary (de novo) GBM	NO	Unknown	Unknown	NA	NA	NA
TCGA-12-0615	FEMALE	78	467	426	Untreated primary (de novo) GBM	NO	TCGA-12-0615-01A	Wildtype	NA	Wildtype	NA
TCGA-12-0616	FEMALE	36	448	439	Untreated primary (de novo) GBM	NO	TCGA-12-0616-01A	Wildtype	NA	Wildtype	NA
TCGA-12-0618	MALE	49	395	50	Untreated primary (de novo) GBM	NO	TCGA-12-0618-01A	Wildtype	NA	Wildtype	NA
TCGA-12-0619	MALE	60	1062	316	Untreated primary (de novo) GBM	NO	TCGA-12-0619-01A	Wildtype	NA	Wildtype	NA
TCGA-12-0620	MALE	57	318	181	Untreated primary (de novo) GBM	NO	Unknown	Unknown	NA	NA	NA
TCGA-12-0653	MALE	65	320	NA	Untreated primary (de novo) GBM	NO	Unknown	Unknown	NA	NA	NA
TCGA-12-0654	FEMALE	48	231	218	Untreated primary (de novo) GBM	NO	Unknown	Unknown	NA	NA	NA
TCGA-12-0656	FEMALE	48	2883	2005	Untreated primary (de novo) GBM	NO	TCGA-12-0656-01A	Wildtype	NA	Wildtype	NA
TCGA-12-0657	MALE	69	3	3	Untreated primary (de novo) GBM	NO	TCGA-12-0657-01A	Wildtype	NA	Wildtype	NA
TCGA-12-0662	MALE	51	1161	1161	Untreated primary (de novo) GBM	NO	TCGA-12-0662-01A	Wildtype	NA	Wildtype	NA
TCGA-12-0670	MALE	60	790	790	Untreated primary (de novo) GBM	NO	TCGA-12-0670-01B	Wildtype	NA	Wildtype	NA
TCGA-12-0688	MALE	74	811	734	Untreated primary (de novo) GBM	NO	TCGA-12-0688-01A	Wildtype	NA	Wildtype	NA
TCGA-12-0691	MALE	63	369	186	Untreated primary (de novo) GBM	NO	TCGA-12-0691-01A	Wildtype	NA	Wildtype	NA
TCGA-12-0692	FEMALE	75	111	80	Untreated primary (de novo) GBM	NO	TCGA-12-0692-01A	Wildtype	NA	Wildtype	NA
TCGA-12-0703	MALE	46	620	551	Untreated primary (de novo) GBM	NO	Unknown	Unknown	NA	NA	NA
TCGA-12-0707	MALE	55	864	NA	Untreated primary (de novo) GBM	NO	TCGA-12-0707-01A	Wildtype	NA	Wildtype	NA
TCGA-12-0769	MALE	52	458	378	Untreated primary (de novo) GBM	NO	Unknown	Unknown	NA	NA	NA
TCGA-12-0772	MALE	46	1638	1615	Untreated primary (de novo) GBM	NO	Unknown	Unknown	NA	NA	NA
TCGA-12-0773	MALE	24	1315	1311	Untreated primary (de novo) GBM	NO	TCGA-12-0773-01A	Wildtype	NA	Wildtype	NA
TCGA-12-0775	FEMALE	75	232	167	Untreated primary (de novo) GBM	NO	TCGA-12-0775-01A	Wildtype	NA	Wildtype	NA
TCGA-12-0776	MALE	52	296	277	Untreated primary (de novo) GBM	NO	Unknown	Unknown	NA	NA	NA
TCGA-12-0778	MALE	53	454	452	Untreated primary (de novo) GBM	NO	Unknown	Unknown	NA	NA	NA
TCGA-12-0780	FEMALE	51	452	434	Untreated primary (de novo) GBM	NO	Unknown	Unknown	NA	NA	NA
TCGA-12-0818	FEMALE	45	2791	2791	Untreated primary (de novo) GBM	NO	TCGA-12-0818-01A	Mutant	p.R132C	Wildtype	NA
TCGA-12-0819	FEMALE	49	754	754	Untreated primary (de novo) GBM	NO	TCGA-12-0819-01A	Wildtype	NA	Wildtype	NA
TCGA-12-0820	MALE	40	562	562	Untreated primary (de novo) GBM	NO	TCGA-12-0820-01A	Wildtype	NA	Wildtype	NA
TCGA-12-0821	MALE	62	323	323	Untreated primary (de novo) GBM	NO	TCGA-12-0821-01A	Wildtype	NA	Wildtype	NA
TCGA-12-0822	MALE	46	715	715	Untreated primary (de novo) GBM	NO	Unknown	Unknown	NA	NA	NA
TCGA-12-0826	FEMALE	38	845	845	Untreated primary (de novo) GBM	NO	TCGA-12-0826-01A	Wildtype	NA	Wildtype	NA
TCGA-12-0827	FEMALE	38	1179	1179	Untreated primary (de novo) GBM	NO	TCGA-12-0827-01A	Mutant	p.R132H	Wildtype	NA
TCGA-12-0828	MALE	57	272	272	Untreated primary (de novo) GBM	NO	Unknown	Unknown	NA	NA	NA
TCGA-12-0829	MALE	75	626	626	Untreated primary (de novo) GBM	NO	TCGA-12-0829-01A	Wildtype	NA	Wildtype	NA
TCGA-12-1088	FEMALE	53	3881	3881	Untreated primary (de novo) GBM	NO	TCGA-12-1088-01A	Wildtype	NA	Wildtype	NA
TCGA-12-1089	MALE	64	177	177	Untreated primary (de novo) GBM	NO	TCGA-12-1089-01A	Wildtype	NA	Wildtype	NA
TCGA-12-1090	MALE	58	231	190	Untreated primary (de novo) GBM	NO	Unknown	Unknown	NA	NA	NA
TCGA-12-1091	FEMALE	10	1010	929	Untreated primary (de novo) GBM	NO	Unknown	Unknown	NA	NA	NA
TCGA-12-1092	MALE	58	661	658	Untreated primary (de novo) GBM	NO	TCGA-12-1092-01B	Wildtype	NA	Wildtype	NA
TCGA-12-1093	FEMALE	66	486	364	Untreated primary (de novo) GBM	NO	TCGA-12-1093-01A	Wildtype	NA	Wildtype	NA
TCGA-12-1094	MALE	56	372	346	Untreated primary (de novo) GBM	NO	Unknown	Unknown	NA	NA	NA
TCGA-12-1095	FEMALE	65	482	482	Untreated primary (de novo) GBM	NO	Unknown	Unknown	NA	NA	NA
TCGA-12-1096	MALE	55	277	NA	Untreated primary (de novo) GBM	NO	Unknown	Unknown	NA	NA	NA
TCGA-12-1097	MALE	61	442	442	Untreated primary (de novo) GBM	NO	Unknown	Unknown	NA	NA	NA
TCGA-12-1098	FEMALE	75	121	121	Untreated primary (de novo) GBM	NO	Unknown	Unknown	NA	NA	NA
TCGA-12-1099	FEMALE	68	126	104	Untreated primary (de novo) GBM	NO	Unknown	Unknown	NA	NA	NA
TCGA-12-1597	FEMALE	62	675	427	Untreated primary (de novo) GBM	NO	TCGA-12-1597-01B	Wildtype	NA	Wildtype	NA
TCGA-12-1598	FEMALE	75	476	287	Untreated primary (de novo) GBM	NO	TCGA-12-1598-01A	Wildtype	NA	Wildtype	NA
TCGA-12-1599	FEMALE	47	781	769	Untreated primary (de novo) GBM	NO	TCGA-12-1599-01A	Wildtype	NA	Wildtype	NA
TCGA-12-1600	MALE	86	448	414	Untreated primary (de novo) GBM	NO	TCGA-12-1600-01A	Wildtype	NA	Wildtype	NA
TCGA-12-1602	MALE	58	206	195	Untreated primary (de novo) GBM	NO	TCGA-12-1602-01A	Wildtype	NA	Wildtype	NA
TCGA-12-3644	FEMALE	47	1818	1807	Untreated primary (de novo) GBM	NO	TCGA-12-3644-01A	Wildtype	NA	Wildtype	NA
TCGA-12-3646	FEMALE	59	1339	1315	Untreated primary (de novo) GBM	NO	TCGA-12-3646-01A	Wildtype	NA	Wildtype	NA
TCGA-12-3648	FEMALE	61	819	784	Untreated primary (de novo) GBM	NO	TCGA-12-3648-01A	Wildtype	NA	Wildtype	NA
TCGA-12-3649	MALE	76	463	351	Untreated primary (de novo) GBM	NO	TCGA-12-3649-01A	Wildtype	NA	Wildtype	NA
TCGA-12-3650	MALE	46	333	333	Untreated primary (de novo) GBM	NO	TCGA-12-3650-01A	Wildtype	NA	Wildtype	NA
TCGA-12-3651	MALE	77	386	358	Untreated primary (de novo) GBM	NO	TCGA-12-3651-01A	Wildtype	NA	Wildtype	NA
TCGA-12-3652	MALE	60	1062	1050	Untreated primary (de novo) GBM	NO	TCGA-12-3652-01A	Wildtype	NA	Wildtype	NA
TCGA-12-3653	FEMALE	34	442	357	Untreated primary (de novo) GBM	NO	TCGA-12-3653-01A	Wildtype	NA	Wildtype	NA
TCGA-12-5295	FEMALE	60	454	399	Untreated primary (de novo) GBM	NO	TCGA-12-5295-01A	Wildtype	NA	Wildtype	NA
TCGA-12-5299	FEMALE	56	98	98	Untreated primary (de novo) GBM	NO	TCGA-12-5299-01A	Wildtype	NA	Wildtype	NA
TCGA-12-5301	MALE	59	62	62	Untreated primary (de novo) GBM	NO	TCGA-12-5301-01A	Wildtype	NA	Wildtype	NA
TCGA-14-0736	MALE	49	460	460	Untreated primary (de novo) GBM	NO	TCGA-14-0736-02A	Wildtype	NA	Wildtype	NA
TCGA-14-0736	MALE	49	460	460	Untreated primary (de novo) GBM	NO	TCGA-14-0736-01A	Wildtype	NA	Wildtype	NA
TCGA-14-0740	MALE	70	364	364	Untreated primary (de novo) GBM	NO	TCGA-14-0740-01B	Wildtype	NA	Wildtype	NA
TCGA-14-0781	MALE	49	29	29	Untreated primary (de novo) GBM	NO	TCGA-14-0781-01B	Wildtype	NA	Wildtype	NA
TCGA-14-0783	FEMALE	36	189	189	Untreated primary (de novo) GBM	NO	Unknown	Unknown	NA	NA	NA
TCGA-14-0786	FEMALE	50	701	701	Untreated primary (de novo) GBM	NO	TCGA-14-0786-01B	Wildtype	NA	Wildtype	NA
TCGA-14-0787	MALE	69	68	68	Untreated primary (de novo) GBM	NO	TCGA-14-0787-01A	Wildtype	NA	Wildtype	NA
TCGA-14-0789	MALE	54	342	342	Untreated primary (de novo) GBM	NO	TCGA-14-0789-01A	Wildtype	NA	Wildtype	NA
TCGA-14-0790	FEMALE	64	419	419	Untreated primary (de novo) GBM	NO	TCGA-14-0790-01B	Wildtype	NA	Wildtype	NA
TCGA-14-0812	MALE	65	99	99	Untreated primary (de novo) GBM	NO	TCGA-14-0812-01B	Wildtype	NA	Wildtype	NA
TCGA-14-0813	MALE	78	41	41	Untreated primary (de novo) GBM	NO	TCGA-14-0813-01A	Wildtype	NA	Wildtype	NA
TCGA-14-0817	FEMALE	69	164	164	Untreated primary (de novo) GBM	NO	TCGA-14-0817-01A	Wildtype	NA	Wildtype	NA
TCGA-14-0862	MALE	60	88	88	Untreated primary (de novo) GBM	NO	TCGA-14-0862-01B	Wildtype	NA	Wildtype	NA
TCGA-14-0865	MALE	67	502	502	Untreated primary (de novo) GBM	NO	TCGA-14-0865-01B	Wildtype	NA	Wildtype	NA
TCGA-14-0866	MALE	55	801	801	Untreated primary (de novo) GBM	NO	Unknown	Unknown	NA	NA	NA
TCGA-14-0867	MALE	67	62	62	Untreated primary (de novo) GBM	NO	Unknown	Unknown	NA	NA	NA
TCGA-14-0871	FEMALE	74	880	880	Untreated primary (de novo) GBM	NO	TCGA-14-0871-01A	Wildtype	NA	Wildtype	NA
TCGA-14-1034	FEMALE	60	485	485	Untreated primary (de novo) GBM	NO	TCGA-14-1034-01A	Wildtype	NA	Wildtype	NA
TCGA-14-1034	FEMALE	60	485	485	Untreated primary (de novo) GBM	NO	TCGA-14-1034-02B	Wildtype	NA	Wildtype	NA
TCGA-14-1037	FEMALE	66	587	587	Untreated primary (de novo) GBM	NO	TCGA-14-1037-01A	Wildtype	NA	Wildtype	NA
TCGA-14-1043	MALE	61	24	24	Untreated primary (de novo) GBM	NO	TCGA-14-1043-01B	Wildtype	NA	Wildtype	NA
TCGA-14-1395	MALE	52	42	42	Untreated primary (de novo) GBM	NO	TCGA-14-1395-01B	Wildtype	NA	Wildtype	NA
TCGA-14-1396	FEMALE	78	34	34	Untreated primary (de novo) GBM	NO	TCGA-14-1396-01A	Wildtype	NA	Wildtype	NA
TCGA-14-1401	MALE	54	114	114	Untreated primary (de novo) GBM	NO	Unknown	Unknown	NA	NA	NA
TCGA-14-1402	FEMALE	58	975	975	Untreated primary (de novo) GBM	NO	Unknown	Unknown	NA	NA	NA
TCGA-14-1450	FEMALE	57	NA	1788	Untreated primary (de novo) GBM	NO	TCGA-14-1450-01B	Wildtype	NA	Wildtype	NA
TCGA-14-1451	MALE	39	703	703	Untreated primary (de novo) GBM	NO	TCGA-14-1451-01A	Wildtype	NA	Wildtype	NA
TCGA-14-1452	MALE	60	216	216	Untreated primary (de novo) GBM	NO	Unknown	Unknown	NA	NA	NA
TCGA-14-1453	MALE	69	35	35	Untreated primary (de novo) GBM	NO	TCGA-14-1453-01A	Wildtype	NA	Wildtype	NA
TCGA-14-1454	FEMALE	54	918	918	Untreated primary (de novo) GBM	NO	Unknown	Unknown	NA	NA	NA
TCGA-14-1455	MALE	61	28	28	Untreated primary (de novo) GBM	NO	TCGA-14-1455-01A	Wildtype	NA	Wildtype	NA
TCGA-14-1456	MALE	23	NA	1246	Untreated primary (de novo) GBM	NO	TCGA-14-1456-01B	Mutant	p.R132H	Wildtype	NA
TCGA-14-1458	MALE	54	203	187	Untreated primary (de novo) GBM	NO	Unknown	Unknown	NA	NA	NA
TCGA-14-1459	FEMALE	63	378	378	Untreated primary (de novo) GBM	NO	Unknown	Unknown	NA	NA	NA
TCGA-14-1794	MALE	59	30	30	Untreated primary (de novo) GBM	NO	Unknown	Unknown	NA	NA	NA
TCGA-14-1795	MALE	66	60	60	Untreated primary (de novo) GBM	NO	TCGA-14-1795-01A	Wildtype	NA	Wildtype	NA
TCGA-14-1821	MALE	31	541	541	Untreated primary (de novo) GBM	NO	TCGA-14-1821-01A	Mutant	p.R132H	Wildtype	NA
TCGA-14-1823	FEMALE	58	543	543	Untreated primary (de novo) GBM	YES	TCGA-14-1823-01A	Wildtype	NA	Wildtype	NA
TCGA-14-1825	MALE	70	232	NA	Untreated primary (de novo) GBM	NO	TCGA-14-1825-01A	Wildtype	NA	Wildtype	NA
TCGA-14-1827	MALE	51	179	179	Untreated primary (de novo) GBM	NO	TCGA-14-1827-01A	Wildtype	NA	Wildtype	NA
TCGA-14-1829	MALE	57	NA	218	Untreated primary (de novo) GBM	NO	TCGA-14-1829-01A	Wildtype	NA	Wildtype	NA
TCGA-14-2554	FEMALE	52	532	532	Untreated primary (de novo) GBM	NO	TCGA-14-2554-01A	Wildtype	NA	Wildtype	NA
TCGA-14-2555	FEMALE	44	NA	242	Untreated primary (de novo) GBM	NO	Unknown	Unknown	NA	NA	NA
TCGA-14-3476	MALE	74	12	12	Untreated primary (de novo) GBM	NO	TCGA-14-3476-01B	Wildtype	NA	Wildtype	NA
TCGA-14-3477	FEMALE	38	NA	115	Untreated primary (de novo) GBM	NO	TCGA-14-3477-01A	Wildtype	NA	Wildtype	NA
TCGA-14-4157	MALE	40	NA	104	Untreated primary (de novo) GBM	NO	TCGA-14-4157-01A	Mutant	p.R132H	Wildtype	NA
TCGA-15-0742	MALE	65	419	NA	Untreated primary (de novo) GBM	NO	TCGA-15-0742-01A	Wildtype	NA	Wildtype	NA
TCGA-15-1444	MALE	21	1537	NA	Glioblastoma Multiforme (GBM)	NO	Unknown	Unknown	NA	NA	NA
TCGA-15-1446	MALE	55	NA	581	Untreated primary (de novo) GBM	NO	TCGA-15-1446-01A	Wildtype	NA	Wildtype	NA
TCGA-15-1447	FEMALE	36	NA	1618	Untreated primary (de novo) GBM	NO	Unknown	Unknown	NA	NA	NA
TCGA-15-1449	MALE	65	404	NA	Untreated primary (de novo) GBM	YES	Unknown	Unknown	NA	NA	NA
TCGA-16-0846	MALE	85	119	119	Untreated primary (de novo) GBM	NO	TCGA-16-0846-01A	Wildtype	NA	Wildtype	NA
TCGA-16-0848	MALE	57	535	302	Untreated primary (de novo) GBM	NO	TCGA-16-0848-01A	Wildtype	NA	Wildtype	NA
TCGA-16-0849	MALE	54	NA	793	Untreated primary (de novo) GBM	NO	TCGA-16-0849-01A	Mutant	p.R132H	Wildtype	NA
TCGA-16-0850	FEMALE	52	498	496	Untreated primary (de novo) GBM	NO	TCGA-16-0850-01A	Mutant	p.R132H	Wildtype	NA
TCGA-16-0861	MALE	65	NA	131	Untreated primary (de novo) GBM	NO	TCGA-16-0861-01A	Wildtype	NA	Wildtype	NA
TCGA-16-1045	FEMALE	49	883	883	Untreated primary (de novo) GBM	YES	TCGA-16-1045-01B	Wildtype	NA	Wildtype	NA
TCGA-16-1047	FEMALE	66	139	25	Untreated primary (de novo) GBM	YES	Unknown	Unknown	NA	NA	NA
TCGA-16-1048	Unknown	NA	NA	NA	Unknown	NA	TCGA-16-1048-01B	Wildtype	NA	Wildtype	NA
TCGA-16-1055	MALE	48	313	301	Untreated primary (de novo) GBM	NO	Unknown	Unknown	NA	NA	NA
TCGA-16-1056	MALE	55	426	406	Untreated primary (de novo) GBM	NO	Unknown	Unknown	NA	NA	NA
TCGA-16-1060	FEMALE	70	278	111	Untreated primary (de novo) GBM	NO	Unknown	Unknown	NA	NA	NA
TCGA-16-1062	FEMALE	57	646	556	Untreated primary (de novo) GBM	NO	Unknown	Unknown	NA	NA	NA
TCGA-16-1063	MALE	72	425	425	Untreated primary (de novo) GBM	NO	Unknown	Unknown	NA	NA	NA
TCGA-16-1460	FEMALE	36	NA	195	Untreated primary (de novo) GBM	YES	TCGA-16-1460-01A	Mutant	p.R132H	Wildtype	NA
TCGA-19-0955	MALE	71	NA	358	Untreated primary (de novo) GBM	NO	Unknown	Unknown	NA	NA	NA
TCGA-19-0957	FEMALE	48	666	666	Untreated primary (de novo) GBM	NO	TCGA-19-0957-01C	Wildtype	NA	Wildtype	NA
TCGA-19-0957	FEMALE	48	666	666	Untreated primary (de novo) GBM	NO	TCGA-19-0957-02A	Wildtype	NA	Wildtype	NA
TCGA-19-0960	FEMALE	83	NA	262	Untreated primary (de novo) GBM	NO	Unknown	Unknown	NA	NA	NA
TCGA-19-0962	FEMALE	77	20	13	Untreated primary (de novo) GBM	NO	Unknown	Unknown	NA	NA	NA
TCGA-19-0963	MALE	61	434	434	Untreated primary (de novo) GBM	NO	Unknown	Unknown	NA	NA	NA
TCGA-19-0964	MALE	70	NA	103	Untreated primary (de novo) GBM	NO	Unknown	Unknown	NA	NA	NA
TCGA-19-1385	MALE	69	327	327	Untreated primary (de novo) GBM	NO	TCGA-19-1385-01A	Wildtype	NA	Wildtype	NA
TCGA-19-1386	MALE	51	276	276	Untreated primary (de novo) GBM	NO	TCGA-19-1386-01A	Wildtype	NA	Wildtype	NA
TCGA-19-1387	MALE	81	NA	181	Untreated primary (de novo) GBM	NO	TCGA-19-1387-01A	Wildtype	NA	Wildtype	NA
TCGA-19-1388	MALE	58	394	394	Untreated primary (de novo) GBM	NO	Unknown	Unknown	NA	NA	NA
TCGA-19-1389	MALE	51	141	141	Untreated primary (de novo) GBM	NO	TCGA-19-1389-02A	Wildtype	NA	Wildtype	NA
TCGA-19-1390	FEMALE	63	772	772	Untreated primary (de novo) GBM	NO	TCGA-19-1390-01A	Wildtype	NA	Wildtype	NA
TCGA-19-1392	FEMALE	72	111	106	Untreated primary (de novo) GBM	NO	Unknown	Unknown	NA	NA	NA
TCGA-19-1786	FEMALE	64	NA	218	Untreated primary (de novo) GBM	NO	TCGA-19-1786-01A	Wildtype	NA	Wildtype	NA
TCGA-19-1787	MALE	48	385	385	Untreated primary (de novo) GBM	NO	TCGA-19-1787-01B	Wildtype	NA	Other	p.H420=
TCGA-19-1788	MALE	39	112	112	Untreated primary (de novo) GBM	NO	TCGA-19-1788-01A	Mutant	p.R132H	Wildtype	NA
TCGA-19-1789	FEMALE	69	99	99	Untreated primary (de novo) GBM	NO	TCGA-19-1789-01A	Wildtype	NA	Wildtype	NA
TCGA-19-1790	MALE	56	154	154	Untreated primary (de novo) GBM	NO	TCGA-19-1790-01B	Wildtype	NA	Wildtype	NA
TCGA-19-1791	FEMALE	82	NA	4	Untreated primary (de novo) GBM	NO	TCGA-19-1791-01A	Wildtype	NA	Wildtype	NA
TCGA-19-2619	FEMALE	55	NA	294	Untreated primary (de novo) GBM	YES	Unknown	Unknown	NA	NA	NA
TCGA-19-2620	MALE	70	148	148	Untreated primary (de novo) GBM	NO	TCGA-19-2620-01A	Wildtype	NA	Wildtype	NA
TCGA-19-2621	MALE	83	33	33	Untreated primary (de novo) GBM	NO	TCGA-19-2621-01B	Wildtype	NA	Wildtype	NA
TCGA-19-2623	MALE	65	NA	229	Untreated primary (de novo) GBM	NO	TCGA-19-2623-01A	Wildtype	NA	Wildtype	NA
TCGA-19-2624	MALE	51	5	5	Untreated primary (de novo) GBM	NO	TCGA-19-2624-01A	Wildtype	NA	Wildtype	NA
TCGA-19-2625	FEMALE	76	124	124	Untreated primary (de novo) GBM	NO	TCGA-19-2625-01A	Wildtype	NA	Wildtype	NA
TCGA-19-2629	MALE	60	737	501	Untreated primary (de novo) GBM	NO	TCGA-19-2629-01A	Mutant	p.R132H	Wildtype	NA
TCGA-19-2631	FEMALE	74	213	213	Untreated primary (de novo) GBM	NO	TCGA-19-2631-01A	Wildtype	NA	Wildtype	NA
TCGA-19-4065	MALE	36	NA	214	Untreated primary (de novo) GBM	NO	TCGA-19-4065-01A	Wildtype	NA	Wildtype	NA
TCGA-19-4065	MALE	36	NA	214	Untreated primary (de novo) GBM	NO	TCGA-19-4065-02A	Wildtype	NA	Wildtype	NA
TCGA-19-4068	FEMALE	68	NA	137	Untreated primary (de novo) GBM	NO	TCGA-19-4068-01A	Wildtype	NA	Wildtype	NA
TCGA-19-5947	FEMALE	47	202	202	Untreated primary (de novo) GBM	YES	TCGA-19-5947-01A	Wildtype	NA	Wildtype	NA
TCGA-19-5950	FEMALE	52	NA	343	Untreated primary (de novo) GBM	NO	TCGA-19-5950-01A	Wildtype	NA	Wildtype	NA
TCGA-19-5951	FEMALE	76	244	244	Untreated primary (de novo) GBM	NO	TCGA-19-5951-01A	Wildtype	NA	Wildtype	NA
TCGA-19-5952	MALE	62	575	567	Untreated primary (de novo) GBM	NO	Unknown	Unknown	NA	NA	NA
TCGA-19-5953	MALE	58	144	144	Untreated primary (de novo) GBM	NO	TCGA-19-5953-01B	Wildtype	NA	Wildtype	NA
TCGA-19-5954	FEMALE	72	NA	242	Untreated primary (de novo) GBM	NO	TCGA-19-5954-01A	Wildtype	NA	Wildtype	NA
TCGA-19-5955	MALE	83	54	54	Untreated primary (de novo) GBM	NO	TCGA-19-5955-01A	Wildtype	NA	Wildtype	NA
TCGA-19-5956	FEMALE	53	NA	198	Untreated primary (de novo) GBM	NO	TCGA-19-5956-01A	Wildtype	NA	Wildtype	NA
TCGA-19-5958	MALE	56	NA	164	Untreated primary (de novo) GBM	NO	TCGA-19-5958-01A	Wildtype	NA	Wildtype	NA
TCGA-19-5959	FEMALE	77	NA	161	Untreated primary (de novo) GBM	NO	TCGA-19-5959-01A	Wildtype	NA	Wildtype	NA
TCGA-19-5960	MALE	56	NA	165	Untreated primary (de novo) GBM	NO	TCGA-19-5960-01A	Wildtype	NA	Wildtype	NA
TCGA-19-A60I	MALE	39	NA	541	Glioblastoma Multiforme (GBM)	NO	TCGA-19-A60I-01A	Wildtype	NA	Wildtype	NA
TCGA-19-A6J4	MALE	68	121	NA	Glioblastoma Multiforme (GBM)	NO	TCGA-19-A6J4-01A	Wildtype	NA	Wildtype	NA
TCGA-19-A6J5	MALE	40	NA	868	Glioblastoma Multiforme (GBM)	NO	TCGA-19-A6J5-01A	Mutant	p.R132H	Wildtype	NA
TCGA-26-1438	MALE	36	NA	305	Untreated primary (de novo) GBM	NO	Unknown	Unknown	NA	NA	NA
TCGA-26-1439	MALE	63	422	NA	Untreated primary (de novo) GBM	NO	TCGA-26-1439-01A	Wildtype	NA	Wildtype	NA
TCGA-26-1440	MALE	48	NA	296	Untreated primary (de novo) GBM	NO	Unknown	Unknown	NA	NA	NA
TCGA-26-1442	MALE	43	NA	953	Untreated primary (de novo) GBM	YES	TCGA-26-1442-01A	Mutant	p.R132H	Wildtype	NA
TCGA-26-1443	FEMALE	60	NA	217	Untreated primary (de novo) GBM	NO	Unknown	Unknown	NA	NA	NA
TCGA-26-1799	MALE	68	285	285	Untreated primary (de novo) GBM	NO	TCGA-26-1799-01A	Wildtype	NA	Wildtype	NA
TCGA-26-5132	MALE	74	NA	286	Untreated primary (de novo) GBM	NO	Unknown	Unknown	NA	NA	NA
TCGA-26-5133	MALE	59	NA	452	Untreated primary (de novo) GBM	NO	TCGA-26-5133-01A	Wildtype	NA	Wildtype	NA
TCGA-26-5134	MALE	74	NA	167	Untreated primary (de novo) GBM	NO	TCGA-26-5134-01A	Wildtype	NA	Wildtype	NA
TCGA-26-5135	FEMALE	72	270	NA	Untreated primary (de novo) GBM	NO	TCGA-26-5135-01A	Wildtype	NA	Wildtype	NA
TCGA-26-5136	FEMALE	78	NA	NA	Untreated primary (de novo) GBM	NO	TCGA-26-5136-01B	Wildtype	NA	Wildtype	NA
TCGA-26-5139	FEMALE	65	NA	48	Untreated primary (de novo) GBM	NO	TCGA-26-5139-01A	Wildtype	NA	Wildtype	NA
TCGA-26-6173	MALE	57	NA	241	Untreated primary (de novo) GBM	NO	TCGA-26-6173-01A	Wildtype	NA	Wildtype	NA
TCGA-26-6174	FEMALE	65	NA	71	Untreated primary (de novo) GBM	NO	TCGA-26-6174-01A	Wildtype	NA	Wildtype	NA
TCGA-26-A7UX	MALE	47	NA	588	Glioblastoma Multiforme (GBM)	NO	TCGA-26-A7UX-01B	Wildtype	NA	Wildtype	NA
TCGA-27-1830	MALE	57	154	146	Untreated primary (de novo) GBM	NO	TCGA-27-1830-01A	Wildtype	NA	Wildtype	NA
TCGA-27-1831	MALE	66	505	505	Untreated primary (de novo) GBM	NO	TCGA-27-1831-01A	Wildtype	NA	Wildtype	NA
TCGA-27-1832	FEMALE	59	300	0	Untreated primary (de novo) GBM	NO	TCGA-27-1832-01A	Wildtype	NA	Wildtype	NA
TCGA-27-1833	FEMALE	67	737	555	Untreated primary (de novo) GBM	NO	TCGA-27-1833-01A	Wildtype	NA	Wildtype	NA
TCGA-27-1834	MALE	56	1233	1008	Untreated primary (de novo) GBM	NO	TCGA-27-1834-01A	Wildtype	NA	Wildtype	NA
TCGA-27-1835	FEMALE	53	648	648	Untreated primary (de novo) GBM	NO	TCGA-27-1835-01A	Wildtype	NA	Wildtype	NA
TCGA-27-1836	FEMALE	33	914	NA	Untreated primary (de novo) GBM	NO	TCGA-27-1836-01A	Wildtype	NA	Wildtype	NA
TCGA-27-1837	MALE	36	427	427	Untreated primary (de novo) GBM	NO	TCGA-27-1837-01A	Wildtype	NA	Wildtype	NA
TCGA-27-1838	FEMALE	59	350	350	Untreated primary (de novo) GBM	NO	TCGA-27-1838-01A	Wildtype	NA	Wildtype	NA
TCGA-27-2518	MALE	52	753	753	Untreated primary (de novo) GBM	NO	TCGA-27-2518-01A	Wildtype	NA	Wildtype	NA
TCGA-27-2519	MALE	48	NA	316	Untreated primary (de novo) GBM	NO	TCGA-27-2519-01A	Wildtype	NA	Wildtype	NA
TCGA-27-2521	MALE	34	NA	316	Untreated primary (de novo) GBM	NO	TCGA-27-2521-01A	Mutant	p.R132H	Wildtype	NA
TCGA-27-2523	MALE	63	489	489	Untreated primary (de novo) GBM	NO	TCGA-27-2523-01A	Wildtype	NA	Wildtype	NA
TCGA-27-2524	MALE	56	231	231	Untreated primary (de novo) GBM	NO	TCGA-27-2524-01A	Wildtype	NA	Wildtype	NA
TCGA-27-2526	FEMALE	79	87	87	Untreated primary (de novo) GBM	NO	TCGA-27-2526-01A	Wildtype	NA	Wildtype	NA
TCGA-27-2527	MALE	81	438	438	Untreated primary (de novo) GBM	NO	TCGA-27-2527-01A	Wildtype	NA	Wildtype	NA
TCGA-27-2528	MALE	62	480	480	Untreated primary (de novo) GBM	NO	TCGA-27-2528-01A	Wildtype	NA	Wildtype	NA
TCGA-28-1745	MALE	76	NA	345	Untreated primary (de novo) GBM	NO	TCGA-28-1745-01B	Wildtype	NA	Wildtype	NA
TCGA-28-1746	FEMALE	77	NA	6	Untreated primary (de novo) GBM	NO	TCGA-28-1746-01A	Wildtype	NA	Wildtype	NA
TCGA-28-1747	MALE	44	77	77	Untreated primary (de novo) GBM	NO	TCGA-28-1747-01C	Wildtype	NA	Wildtype	NA
TCGA-28-1749	MALE	73	NA	280	Untreated primary (de novo) GBM	NO	TCGA-28-1749-01A	Wildtype	NA	Wildtype	NA
TCGA-28-1750	FEMALE	40	NA	254	Untreated primary (de novo) GBM	NO	TCGA-28-1750-01A	Wildtype	NA	Wildtype	NA
TCGA-28-1751	FEMALE	61	NA	232	Untreated primary (de novo) GBM	NO	TCGA-28-1751-01A	Wildtype	NA	Wildtype	NA
TCGA-28-1752	FEMALE	42	NA	258	Untreated primary (de novo) GBM	NO	TCGA-28-1752-01A	Wildtype	NA	Wildtype	NA
TCGA-28-1753	MALE	53	NA	37	Untreated primary (de novo) GBM	NO	TCGA-28-1753-01A	Wildtype	NA	Wildtype	NA
TCGA-28-1755	FEMALE	52	47	47	Untreated primary (de novo) GBM	NO	TCGA-28-1755-01A	Wildtype	NA	Wildtype	NA
TCGA-28-1756	MALE	78	NA	86	Untreated primary (de novo) GBM	NO	Unknown	Unknown	NA	NA	NA
TCGA-28-1757	MALE	71	NA	NA	Untreated primary (de novo) GBM	NO	TCGA-28-1757-01A	Wildtype	NA	Wildtype	NA
TCGA-28-1760	MALE	48	NA	143	Untreated primary (de novo) GBM	NO	Unknown	Unknown	NA	NA	NA
TCGA-28-2499	MALE	59	NA	NA	Untreated primary (de novo) GBM	NO	TCGA-28-2499-01A	Wildtype	NA	Wildtype	NA
TCGA-28-2501	Unknown	NA	NA	NA	Unknown	NA	TCGA-28-2501-01A	Wildtype	NA	Wildtype	NA
TCGA-28-2502	MALE	65	NA	20	Untreated primary (de novo) GBM	NO	TCGA-28-2502-01B	Wildtype	NA	Wildtype	NA
TCGA-28-2506	FEMALE	63	NA	205	Untreated primary (de novo) GBM	NO	Unknown	Unknown	NA	NA	NA
TCGA-28-2509	FEMALE	77	NA	145	Untreated primary (de novo) GBM	NO	TCGA-28-2509-01A	Wildtype	NA	Wildtype	NA
TCGA-28-2510	Unknown	NA	NA	NA	Unknown	NA	TCGA-28-2510-01A	Wildtype	NA	Wildtype	NA
TCGA-28-2512	MALE	37	343	343	Untreated primary (de novo) GBM	NO	Unknown	Unknown	NA	NA	NA
TCGA-28-2513	FEMALE	69	NA	222	Untreated primary (de novo) GBM	NO	TCGA-28-2513-01A	Wildtype	NA	Wildtype	NA
TCGA-28-2514	MALE	45	NA	160	Untreated primary (de novo) GBM	NO	TCGA-28-2514-01A	Wildtype	NA	Wildtype	NA
TCGA-28-5204	MALE	72	454	NA	Untreated primary (de novo) GBM	NO	TCGA-28-5204-01A	Wildtype	NA	Wildtype	NA
TCGA-28-5207	MALE	71	343	275	Untreated primary (de novo) GBM	NO	Unknown	Unknown	NA	NA	NA
TCGA-28-5208	MALE	52	NA	474	Untreated primary (de novo) GBM	NO	TCGA-28-5208-01A	Wildtype	NA	Wildtype	NA
TCGA-28-5209	FEMALE	66	NA	442	Untreated primary (de novo) GBM	NO	TCGA-28-5209-01A	Wildtype	NA	Wildtype	NA
TCGA-28-5211	MALE	42	NA	358	Untreated primary (de novo) GBM	NO	TCGA-28-5211-01C	Wildtype	NA	Wildtype	NA
TCGA-28-5213	MALE	72	NA	951	Untreated primary (de novo) GBM	NO	TCGA-28-5213-01A	Wildtype	NA	Wildtype	NA
TCGA-28-5214	MALE	53	NA	432	Untreated primary (de novo) GBM	NO	TCGA-28-5214-01A	Wildtype	NA	Wildtype	NA
TCGA-28-5215	FEMALE	62	335	237	Untreated primary (de novo) GBM	NO	TCGA-28-5215-01A	Wildtype	NA	Wildtype	NA
TCGA-28-5216	MALE	52	NA	415	Untreated primary (de novo) GBM	NO	TCGA-28-5216-01A	Wildtype	NA	Wildtype	NA
TCGA-28-5218	MALE	63	157	128	Untreated primary (de novo) GBM	NO	TCGA-28-5218-01A	Wildtype	NA	Wildtype	NA
TCGA-28-5219	FEMALE	47	NA	690	Untreated primary (de novo) GBM	NO	TCGA-28-5219-01A	Wildtype	NA	Wildtype	NA
TCGA-28-5220	MALE	67	NA	319	Untreated primary (de novo) GBM	NO	TCGA-28-5220-01A	Wildtype	NA	Wildtype	NA
TCGA-28-6450	MALE	60	165	165	Untreated primary (de novo) GBM	NO	TCGA-28-6450-01A	Wildtype	NA	Wildtype	NA
TCGA-32-1970	MALE	59	468	468	Untreated primary (de novo) GBM	NO	TCGA-32-1970-01A	Wildtype	NA	Wildtype	NA
TCGA-32-1973	MALE	21	641	641	Untreated primary (de novo) GBM	NO	Unknown	Unknown	NA	NA	NA
TCGA-32-1976	MALE	65	15	15	Untreated primary (de novo) GBM	NO	TCGA-32-1976-01A	Wildtype	NA	Wildtype	NA
TCGA-32-1977	FEMALE	63	NA	3	Untreated primary (de novo) GBM	NO	TCGA-32-1977-01A	Wildtype	NA	Wildtype	NA
TCGA-32-1978	MALE	57	482	482	Untreated primary (de novo) GBM	NO	Unknown	Unknown	NA	NA	NA
TCGA-32-1979	FEMALE	69	593	593	Untreated primary (de novo) GBM	NO	TCGA-32-1979-01A	Wildtype	NA	Wildtype	NA
TCGA-32-1980	MALE	72	36	36	Untreated primary (de novo) GBM	NO	TCGA-32-1980-01A	Wildtype	NA	Wildtype	NA
TCGA-32-1982	FEMALE	76	142	142	Untreated primary (de novo) GBM	NO	TCGA-32-1982-01A	Wildtype	NA	Wildtype	NA
TCGA-32-1986	MALE	68	386	386	Untreated primary (de novo) GBM	NO	TCGA-32-1986-01A	Wildtype	NA	Wildtype	NA
TCGA-32-1987	FEMALE	49	452	452	Untreated primary (de novo) GBM	NO	Unknown	Unknown	NA	NA	NA
TCGA-32-1991	MALE	60	515	515	Untreated primary (de novo) GBM	NO	TCGA-32-1991-01A	Wildtype	NA	Wildtype	NA
TCGA-32-2491	MALE	63	372	372	Untreated primary (de novo) GBM	NO	TCGA-32-2491-01A	Wildtype	NA	Wildtype	NA
TCGA-32-2494	FEMALE	58	632	632	Untreated primary (de novo) GBM	NO	TCGA-32-2494-01A	Wildtype	NA	Wildtype	NA
TCGA-32-2495	FEMALE	59	457	457	Treated primary GBM	YES	TCGA-32-2495-01A	Wildtype	NA	Wildtype	NA
TCGA-32-2615	MALE	62	485	485	Untreated primary (de novo) GBM	NO	TCGA-32-2615-01A	Wildtype	NA	Wildtype	NA
TCGA-32-2616	FEMALE	48	224	224	Untreated primary (de novo) GBM	NO	TCGA-32-2616-01A	Wildtype	NA	Wildtype	NA
TCGA-32-2632	MALE	80	269	NA	Untreated primary (de novo) GBM	NO	TCGA-32-2632-01A	Wildtype	NA	Wildtype	NA
TCGA-32-2634	MALE	82	NA	693	Untreated primary (de novo) GBM	NO	TCGA-32-2634-01A	Wildtype	NA	Wildtype	NA
TCGA-32-2638	MALE	67	NA	644	Untreated primary (de novo) GBM	NO	TCGA-32-2638-01A	Wildtype	NA	Wildtype	NA
TCGA-32-4208	MALE	25	NA	643	Untreated primary (de novo) GBM	NO	TCGA-32-4208-01A	Mutant	p.R132H	Wildtype	NA
TCGA-32-4209	MALE	40	NA	604	Treated primary GBM	YES	TCGA-32-4209-01A	Wildtype	NA	Wildtype	NA
TCGA-32-4210	MALE	73	113	113	Untreated primary (de novo) GBM	NO	TCGA-32-4210-01A	Wildtype	NA	Wildtype	NA
TCGA-32-4211	MALE	56	383	383	Untreated primary (de novo) GBM	NO	TCGA-32-4211-01A	Wildtype	NA	Wildtype	NA
TCGA-32-4213	FEMALE	47	NA	604	Untreated primary (de novo) GBM	NO	TCGA-32-4213-01A	Wildtype	NA	Wildtype	NA
TCGA-32-4719	MALE	73	330	330	Untreated primary (de novo) GBM	NO	Unknown	Unknown	NA	NA	NA
TCGA-32-5222	MALE	66	NA	323	Untreated primary (de novo) GBM	NO	TCGA-32-5222-01A	Wildtype	NA	Wildtype	NA
TCGA-41-2571	MALE	89	26	26	Untreated primary (de novo) GBM	NO	TCGA-41-2571-01A	Wildtype	NA	Wildtype	NA
TCGA-41-2572	MALE	67	406	406	Untreated primary (de novo) GBM	NO	TCGA-41-2572-01A	Wildtype	NA	Wildtype	NA
TCGA-41-2573	MALE	59	NA	272	Untreated primary (de novo) GBM	NO	TCGA-41-2573-01A	Wildtype	NA	Wildtype	NA
TCGA-41-2575	MALE	75	290	290	Untreated primary (de novo) GBM	NO	TCGA-41-2575-01A	Wildtype	NA	Wildtype	NA
TCGA-41-3392	MALE	88	30	30	Untreated primary (de novo) GBM	NO	TCGA-41-3392-01A	Wildtype	NA	Wildtype	NA
TCGA-41-3393	FEMALE	81	135	135	Untreated primary (de novo) GBM	NO	TCGA-41-3393-01A	Wildtype	NA	Wildtype	NA
TCGA-41-3915	MALE	48	NA	360	Untreated primary (de novo) GBM	NO	TCGA-41-3915-01A	Wildtype	NA	Wildtype	NA
TCGA-41-4097	FEMALE	63	6	6	Untreated primary (de novo) GBM	NO	TCGA-41-4097-01A	Wildtype	NA	Wildtype	NA
TCGA-41-5651	FEMALE	59	NA	351	Untreated primary (de novo) GBM	NO	TCGA-41-5651-01A	Wildtype	NA	Wildtype	NA
TCGA-41-6646	FEMALE	73	NA	236	Untreated primary (de novo) GBM	NO	TCGA-41-6646-01A	Wildtype	NA	Wildtype	NA
TCGA-4W-AA9R	MALE	61	NA	124	Glioblastoma Multiforme (GBM)	NO	TCGA-4W-AA9R-01A	Wildtype	NA	Wildtype	NA
TCGA-4W-AA9S	MALE	69	NA	44	Glioblastoma Multiforme (GBM)	NO	TCGA-4W-AA9S-01A	Wildtype	NA	Wildtype	NA
TCGA-4W-AA9T	FEMALE	54	NA	778	Glioblastoma Multiforme (GBM)	NO	TCGA-4W-AA9T-01A	Wildtype	NA	Wildtype	NA
TCGA-74-6573	MALE	67	105	NA	Untreated primary (de novo) GBM	NO	TCGA-74-6573-01A	Wildtype	NA	Wildtype	NA
TCGA-74-6575	FEMALE	73	NA	636	Untreated primary (de novo) GBM	NO	TCGA-74-6575-01A	Wildtype	NA	Wildtype	NA
TCGA-74-6577	MALE	51	NA	132	Untreated primary (de novo) GBM	NO	TCGA-74-6577-01A	Wildtype	NA	Wildtype	NA
TCGA-74-6578	MALE	58	NA	436	Untreated primary (de novo) GBM	NO	TCGA-74-6578-01A	Wildtype	NA	Wildtype	NA
TCGA-74-6581	MALE	77	NA	250	Untreated primary (de novo) GBM	NO	TCGA-74-6581-01A	Wildtype	NA	Wildtype	NA
TCGA-74-6584	FEMALE	55	NA	228	Untreated primary (de novo) GBM	NO	TCGA-74-6584-01A	Wildtype	NA	Wildtype	NA
TCGA-76-4925	MALE	76	146	146	Untreated primary (de novo) GBM	NO	TCGA-76-4925-01A	Wildtype	NA	Wildtype	NA
TCGA-76-4926	MALE	68	138	138	Untreated primary (de novo) GBM	NO	TCGA-76-4926-01B	Wildtype	NA	Wildtype	NA
TCGA-76-4927	MALE	58	535	535	Untreated primary (de novo) GBM	NO	TCGA-76-4927-01A	Wildtype	NA	Wildtype	NA
TCGA-76-4928	FEMALE	85	94	94	Untreated primary (de novo) GBM	NO	TCGA-76-4928-01B	Wildtype	NA	Wildtype	NA
TCGA-76-4929	FEMALE	76	111	111	Untreated primary (de novo) GBM	NO	TCGA-76-4929-01A	Wildtype	NA	Wildtype	NA
TCGA-76-4931	FEMALE	70	279	279	Untreated primary (de novo) GBM	NO	TCGA-76-4931-01A	Wildtype	NA	Wildtype	NA
TCGA-76-4932	FEMALE	50	1458	1458	Treated primary GBM	NO	TCGA-76-4932-01A	Wildtype	NA	Wildtype	NA
TCGA-76-4934	FEMALE	66	77	77	Untreated primary (de novo) GBM	NO	TCGA-76-4934-01A	Wildtype	NA	Wildtype	NA
TCGA-76-4935	FEMALE	52	NA	328	Untreated primary (de novo) GBM	NO	TCGA-76-4935-01A	Wildtype	NA	Wildtype	NA
TCGA-76-6191	MALE	57	508	508	Untreated primary (de novo) GBM	NO	TCGA-76-6191-01A	Wildtype	NA	Wildtype	NA
TCGA-76-6192	MALE	74	100	100	Untreated primary (de novo) GBM	NO	TCGA-76-6192-01A	Wildtype	NA	Wildtype	NA
TCGA-76-6193	MALE	78	82	82	Untreated primary (de novo) GBM	NO	TCGA-76-6193-01A	Wildtype	NA	Wildtype	NA
TCGA-76-6280	MALE	57	346	346	Untreated primary (de novo) GBM	NO	TCGA-76-6280-01A	Wildtype	NA	Wildtype	NA
TCGA-76-6282	MALE	63	519	519	Untreated primary (de novo) GBM	NO	TCGA-76-6282-01A	Wildtype	NA	Wildtype	NA
TCGA-76-6283	FEMALE	71	165	NA	Glioblastoma Multiforme (GBM)	NO	TCGA-76-6283-01A	Wildtype	NA	Wildtype	NA
TCGA-76-6285	FEMALE	64	254	254	Untreated primary (de novo) GBM	NO	TCGA-76-6285-01A	Wildtype	NA	Wildtype	NA
TCGA-76-6286	MALE	60	638	638	Untreated primary (de novo) GBM	NO	TCGA-76-6286-01A	Wildtype	NA	Wildtype	NA
TCGA-76-6656	MALE	66	147	147	Untreated primary (de novo) GBM	NO	TCGA-76-6656-01A	Wildtype	NA	Wildtype	NA
TCGA-76-6657	MALE	74	153	153	Untreated primary (de novo) GBM	NO	TCGA-76-6657-01A	Wildtype	NA	Wildtype	NA
TCGA-76-6660	MALE	73	114	NA	Glioblastoma Multiforme (GBM)	NO	TCGA-76-6660-01A	Wildtype	NA	Wildtype	NA
TCGA-76-6661	MALE	54	NA	7	Untreated primary (de novo) GBM	NO	TCGA-76-6661-01B	Wildtype	NA	Wildtype	NA
TCGA-76-6662	MALE	58	NA	282	Untreated primary (de novo) GBM	NO	TCGA-76-6662-01A	Wildtype	NA	Wildtype	NA
TCGA-76-6663	FEMALE	44	NA	235	Untreated primary (de novo) GBM	NO	TCGA-76-6663-01A	Wildtype	NA	Wildtype	NA
TCGA-76-6664	FEMALE	49	NA	1101	Untreated primary (de novo) GBM	NO	TCGA-76-6664-01A	Wildtype	NA	Wildtype	NA
TCGA-81-5910	MALE	64	49	NA	Untreated primary (de novo) GBM	NO	TCGA-81-5910-01A	Wildtype	NA	Wildtype	NA
TCGA-81-5911	MALE	33	NA	539	Untreated primary (de novo) GBM	NO	TCGA-81-5911-01A	Wildtype	NA	Wildtype	NA
TCGA-87-5896	FEMALE	50	NA	800	Untreated primary (de novo) GBM	NO	TCGA-87-5896-01A	Wildtype	NA	Wildtype	NA
TCGA-OX-A56R	MALE	68	180	NA	Glioblastoma Multiforme (GBM)	NO	TCGA-OX-A56R-01A	Wildtype	NA	Wildtype	NA
TCGA-RR-A6KA	FEMALE	72	191	NA	Glioblastoma Multiforme (GBM)	NO	TCGA-RR-A6KA-01A	Wildtype	NA	Wildtype	NA
TCGA-RR-A6KB	MALE	51	NA	0	Glioblastoma Multiforme (GBM)	NO	TCGA-RR-A6KB-01A	Wildtype	NA	Wildtype	NA
TCGA-RR-A6KC	MALE	55	625	NA	Glioblastoma Multiforme (GBM)	NO	TCGA-RR-A6KC-01A	Wildtype	NA	Wildtype	NA
